dimension,member,cases,late_rate_cases,tol_violation_rate_cases,otif_fail_rate_cases,otif_fail_cases,sum_order_value,sum_order_value_otif_fail,otif_fail_rate_value
CUST_COUNTRY,AE,2,1.0,0.5,1.0,2,8489.773,8489.773,1.0
CUST_COUNTRY,AT,252,0.46825396825396826,0.16666666666666666,0.5714285714285714,144,3450223.92,1888016.3,0.5472155847786251
CUST_COUNTRY,AU,270,0.17037037037037037,0.2814814814814815,0.4074074074074074,110,5801383.89,2696162.13,0.4647446507802124
CUST_COUNTRY,BE,187,0.5294117647058824,0.22459893048128343,0.6524064171122995,122,570744.4,397857.71,0.6970856131045701
CUST_COUNTRY,BR,5,0.0,0.4,0.4,2,69962.55,14214.3,0.20317012458808317
CUST_COUNTRY,BY,1,0.0,0.0,0.0,0,29276.25,0.0,0.0
CUST_COUNTRY,CA,120,0.4,0.35833333333333334,0.6333333333333333,76,2387451.144,1759906.9579999999,0.7371488888570111
CUST_COUNTRY,CH,609,0.5238095238095238,0.09195402298850575,0.5763546798029556,351,7046873.62,4078702.38,0.5787960164950425
CUST_COUNTRY,CN,50,0.36,0.4,0.66,33,1309676.71,701438.91,0.5355817238286233
CUST_COUNTRY,CZ,162,0.3950617283950617,0.4567901234567901,0.6851851851851852,111,2158737.8,1478589.94,0.6849326212752657
CUST_COUNTRY,DE,12410,0.36164383561643837,0.16631748589846898,0.4709105560032232,5844,107178742.24,47335082.96,0.44164618814060086
CUST_COUNTRY,DK,4,0.25,0.25,0.5,2,75519.28,22975.5,0.30423356790477873
CUST_COUNTRY,EE,1,0.0,1.0,1.0,1,43677.3,43677.3,1.0
CUST_COUNTRY,ES,1496,0.3355614973262032,0.2820855614973262,0.5414438502673797,810,20085189.53,10616755.24,0.5285862612420168
CUST_COUNTRY,FI,4,0.0,0.0,0.0,0,67912.48,0.0,0.0
CUST_COUNTRY,FR,1207,0.3877381938690969,0.1052195526097763,0.44739022369511183,540,14742864.619,7638871.94,0.5181402758155518
CUST_COUNTRY,GB,52,0.28846153846153844,0.2692307692307692,0.5,26,966143.9500000001,441793.159,0.45727467319957854
CUST_COUNTRY,GR,5,0.8,0.4,1.0,5,110884.7,110884.7,1.0
CUST_COUNTRY,HU,21,0.3333333333333333,0.14285714285714285,0.42857142857142855,9,470854.02,402098.42,0.8539768227953113
CUST_COUNTRY,IE,1,0.0,0.0,0.0,0,40318.32,0.0,0.0
CUST_COUNTRY,IL,6,0.3333333333333333,0.16666666666666666,0.5,3,310631.83999999997,135269.58,0.4354659200421953
CUST_COUNTRY,IN,7,0.14285714285714285,0.0,0.14285714285714285,1,65304.15,17295.22,0.2648410552774977
CUST_COUNTRY,IT,161,0.2422360248447205,0.22981366459627328,0.43478260869565216,70,2845324.57,1267208.31,0.44536511699261083
CUST_COUNTRY,JP,119,0.47058823529411764,0.31092436974789917,0.6050420168067226,72,4265935.16,2749571.97,0.6445414350836032
CUST_COUNTRY,KG,2,0.0,0.0,0.0,0,34041.37,0.0,0.0
CUST_COUNTRY,KR,19,0.10526315789473684,0.2631578947368421,0.3684210526315789,7,518295.365,129065.895,0.2490199676009065
CUST_COUNTRY,LT,2,0.0,0.0,0.0,0,7025.219999999999,0.0,0.0
CUST_COUNTRY,LU,1,0.0,0.0,0.0,0,12459.3,0.0,0.0
CUST_COUNTRY,LV,1,1.0,0.0,1.0,1,62564.62,62564.62,1.0
CUST_COUNTRY,NL,939,0.3450479233226837,0.2534611288604899,0.5143769968051118,483,8855372.98,4867390.14,0.5496538825629453
CUST_COUNTRY,NO,6,0.3333333333333333,0.5,0.5,3,151850.09,66953.44,0.4409180132853395
CUST_COUNTRY,NZ,17,0.23529411764705882,0.29411764705882354,0.4117647058823529,7,383039.37,185935.6,0.48542164216696576
CUST_COUNTRY,PL,88,0.22727272727272727,0.2727272727272727,0.42045454545454547,37,1384426.51,505359.8,0.3650318715725835
CUST_COUNTRY,PT,24,0.0,0.20833333333333334,0.20833333333333334,5,264957.25,80641.16,0.30435536298780275
CUST_COUNTRY,RO,4,0.25,0.5,0.75,3,59388.0,46944.9,0.7904778743180441
CUST_COUNTRY,RS,1,0.0,0.0,0.0,0,37192.62,0.0,0.0
CUST_COUNTRY,RU,5,0.2,0.0,0.2,1,147588.27,8415.0,0.05701672632926723
CUST_COUNTRY,SE,736,0.24592391304347827,0.28804347826086957,0.452445652173913,333,6596498.2,2730634.55,0.413952140546328
CUST_COUNTRY,SI,479,0.29436325678496866,0.10647181628392484,0.37160751565762007,178,4417209.22,1623715.24,0.3675884838436519
CUST_COUNTRY,TH,11,0.36363636363636365,0.2727272727272727,0.45454545454545453,5,268522.18799999997,84710.68100000001,0.3154699491723195
CUST_COUNTRY,TU,182,0.21978021978021978,0.3021978021978022,0.43956043956043955,80,3140063.96,1441896.28,0.45919328343872334
CUST_COUNTRY,TW,9,0.4444444444444444,0.0,0.4444444444444444,4,215300.25,123112.2,0.5718163355592945
CUST_COUNTRY,US,272,0.2536764705882353,0.31985294117647056,0.5,136,9422171.494,5325084.894,0.5651653546521619
CUST_COUNTRY,ZA,3,0.0,0.0,0.0,0,19596.0,0.0,0.0
